user,topic0
000de81f,2
003086d0,1
00840131,1
0086bd80,1
00953dda,2
00acaa3e,3
00b254eb,1
00b405fd,1
00c8c89e,1
00cd63e9,2
010340cd,1
0137982b,1
0146fac0,1
0182d3a7,3
01c2771b,1
026a8b96,1
02703d85,1
0270c208,1
02979b3b,1
02cb16cd,1
02d26a7a,1
03221daa,1
036e7852,1
03879785,1
03a8eba1,1
03cfd7c5,1
03e0a35d,1
03f2a8fd,1
03f2e575,1
03f52577,1
040796dd,1
049552f3,1
04abbda7,2
04ddd80f,1
04fc75b2,2
0525497d,1
05669ea2,2
058e1e29,5
060a1e72,1
060e5480,1
06773a2a,1
069aeddd,1
06a2bcaf,1
06b06aca,2
06e0fb2d,1
07151914,4
072da399,1
0796fd52,1
07bf225e,1
07d2dde5,1
07dd40fc,1
07df6fed,2
07e1e18b,1
07f5079e,1
082498ac,2
0841bbac,1
088952dc,1
088b5ec8,1
089407a2,3
0896399b,2
08a807bd,3
08cc284f,1
08d1c217,4
09275de8,1
0938dfcf,2
09aa506b,1
09cc1ac7,1
0a029483,1
0a10fb06,3
0a1c9cf3,3
0a4e94ce,1
0a725114,1
0a8bc098,2
0aab1d62,4
0acc28a1,1
0b085d06,4
0b196164,2
0b45037e,1
0b58754c,1
0b69c58a,1
0b79f8ac,2
0b7d58a7,1
0bd76a48,1
0bf9bb7d,1
0c1265de,1
0c17284a,1
0c4b4459,1
0c547814,1
0ca91579,13
0cfd3841,1
0d3818bc,1
0d4eeeda,6
0d6fdc88,2
0d7d60b5,1
0dae14d0,1
0de11669,4
0e0aaf5c,29
0e3ffdf7,3
0e5c13dd,1
0e9c35e9,1
0ea2fb3f,2
0ea50429,1
0ec43ec0,1
0f2caa5a,1
0f352f35,3
0f5f0b36,1
0f82c8da,1
0fc4325d,1
0fe17b54,1
1002d379,1
101250ed,1
1015892c,1
10452eba,1
1081b877,3
10d034c5,1
10f0c312,1
1170c1d7,3
117b0144,4
119d0745,1
11ab2411,1
11b3f62b,2
11bf5f6e,1
11da482c,2
120f1abf,2
122e5fed,1
124aac01,2
12978945,1
12b90792,2
12d547de,2
12f5c86e,3
12ffdc51,1
130bc037,1
136d774c,1
13a4a364,1
13c44003,1
14008d16,1
142f447b,4
14497535,2
145282bd,2
1457bb4e,2
14d30f09,1
150e6acc,8
151ddf5f,4
152eee46,1
15327ae1,4
15332b3d,1
15468d38,1
154d9d52,3
155892bc,1
158cf99c,2
15bdf91a,3
1600f68e,1
161d17e9,1
163324d7,3
1637f971,1
1640de68,1
16c0d5f9,1
16f79209,1
170e6246,1
1761a5db,1
177b9fb5,3
1790ea38,1
1799304e,3
17a949a7,1
17c9f48f,2
17dcc874,1
17fa4d3a,1
187715b4,1
18822f6a,1
1885e201,1
19380e3e,1
193bd519,1
193f1163,1
19708f6e,1
19eb1752,1
1a006659,1
1a6e8b70,2
1a994bdd,1
1a99f5b5,1
1abd9144,1
1b0bc872,1
1b34e3b8,2
1b486b2f,2
1b49ec83,1
1b5a8341,3
1b7183ab,2
1b776160,1
1b8076f7,1
1baf3785,1
1bc1b75a,1
1bc944fd,7
1c0643cc,4
1c092787,1
1c5a7db4,1
1c7d6b70,1
1c84b433,2
1d112e1e,2
1d13ecef,1
1d41a4ec,1
1d42aeb9,1
1d5f5f2b,4
1db7cedd,1
1dded97e,1
1e17c4af,1
1e536415,2
1e6c9737,1
1e7f8e34,1
1e962c75,1
1ec4c167,1
1f0dd83a,1
1f3b3aee,1
20481c0a,1
20622420,2
206b4e0d,3
2078d3f5,1
20aceec1,1
20b140f9,1
20c6f334,1
20d07421,4
20f453e5,1
2140f1b8,6
21506af5,1
215ef22f,1
217afa5c,1
218cb272,1
221260b2,1
22228b4c,1
224f7c8d,9
22f58cca,1
2376de24,1
238f3e75,1
2392cc2b,4
23c680ad,1
23e156a0,1
241e564c,1
245149e6,1
2455d070,1
246d0e18,1
249283d6,1
249be825,1
2502c6f4,1
25130cd1,1
25408688,3
255fbcde,1
25d2b05d,1
25d8908e,1
262c9300,1
2658256f,1
2665fb6a,1
26929516,3
2695b25d,2
26bcd0a0,3
26bfd65a,1
26f77531,1
26f7f7e8,2
27137cfa,1
272d0dd6,1
27380663,4
273b8232,1
27555a5a,1
276450c3,1
27687758,1
27833b49,1
27bc40c0,1
27c9c504,1
27ca5c0f,1
27f76580,1
27f846f0,1
27f8d662,1
28301e5b,1
28a206fb,1
28bec301,1
28c875cc,1
2977135d,1
2980c2d8,1
298193c6,1
2983ac23,1
2989f8e6,1
298fcd46,1
2991cc90,1
299f442d,2
29fe7803,1
2a199363,3
2a233b68,1
2a25d01d,1
2a8b779f,2
2aa20c37,1
2aae5c6e,1
2ad06eff,1
2ae01cbd,5
2aeb0d11,1
2b0f9c59,3
2b2dd102,2
2b863a7f,1
2b888a98,1
2bd288fb,1
2bd88874,1
2be15198,3
2c002130,1
2c3ebdab,1
2c49279e,1
2c8599cc,2
2c9dfb6f,2
2cbc558e,1
2cd20920,1
2cdda391,5
2ce40af3,1
2cf714f7,1
2cf92cec,1
2d25f262,1
2d3a41eb,1
2d7ccb3d,2
2d820788,2
2ddbe2cf,2
2e54234a,7
2e7feb15,1
2f2b525a,1
2f2e62d2,1
2f5dab5e,1
2f6aa89c,1
2f774a62,1
2f83f8ab,1
2f8c16f6,1
2fa80ff9,1
2fcd9044,1
2fd9500c,2
2fd9de99,1
2fe1b809,2
302e7b0e,1
30306cbe,1
3050823d,2
306be34c,1
3079b356,2
30f7d72b,1
3109bd94,1
31185401,1
3164dfd3,1
31770afe,1
31f10f11,1
328ed1ff,2
329b5924,1
32d7e30c,1
32e03b9f,1
32fd1aa4,1
33a22aac,1
33ebfcb4,2
33f8f9f5,1
342ff378,1
345e0601,2
349f74b0,1
35404ae0,1
35e5b44e,1
36083225,1
36170319,5
36345ebc,1
36a3db51,1
36af6423,1
36b804fd,3
36ba8778,1
36bff4e2,1
36e3c6d6,2
36e7be12,1
37077515,1
375baf61,1
379b15b6,1
37af9edf,2
380b3a10,1
38385bc4,2
38385f5a,1
386044d1,4
3865376c,1
388cec97,2
38b64935,31
38f38e4a,4
3907cad4,2
393bce05,1
395b48cf,2
396878c8,1
3971f304,2
39c18c09,2
3a5116bf,1
3ab53c62,1
3ac01914,1
3b0b8329,3
3b2669e4,1
3b452a82,1
3b6fca34,1
3b7193c4,1
3b80fb28,1
3bb1aaa6,1
3bb692f5,1
3bb955d8,1
3bc89682,2
3be0a466,1
3bf95683,1
3c094ad1,1
3c5a783b,1
3cdad15f,1
3ce8653c,2
3cf8ea57,1
3d8fcdf3,4
3dac21d3,1
3daf2664,2
3dbe5fed,2
3dc9548a,3
3dcaa50e,2
3dded2db,1
3e39c468,1
3e4dc61b,4
3e5602f3,1
3e7d863e,1
3e839bfd,1
3e9a2f69,1
3ebf2a31,2
3eccdaa9,1
3edac60e,2
3ee23116,1
3ef1767e,2
3f3c4b78,1
3f40b723,1
3f5ddd8d,1
3f8e6d7a,1
3fc98fb9,1
4012077d,1
40358a5b,1
4084c946,1
4092568b,3
40aaff73,3
40cc667e,1
40d007f8,1
40e0d313,2
40ea3387,1
40fc9be5,1
41061bc7,1
414ab652,1
417f90f2,1
41a187bc,1
41f72e8d,2
429e947a,2
42ca5a1b,1
42d90324,1
430fb15d,2
43813a58,1
43e6371d,3
440f9a0a,2
443bae13,1
4497a13b,1
44b1d581,2
44d4013c,2
44d8b474,1
45406c2b,1
4549e867,1
457b5a96,3
459313e4,1
45c829d3,1
45d7bd93,1
45fbf885,1
463650f1,2
4640f60b,1
466bbf34,3
467b4448,1
468fe262,1
46b51aec,1
46b92b9e,3
46e9a4a4,2
46f63721,2
46fcdad8,1
46fd7ca7,4
470f263c,1
472688a3,1
4762a0ae,2
476a3616,1
476e293a,1
47b29ef0,1
47b67662,1
47c27dc1,2
47dd9211,1
47e9e2f8,1
4876d914,1
4881b2ea,1
489926bf,5
489a5c31,2
48aaaa4d,1
48dc8e8a,1
48e45a4b,1
48f4bb22,2
4903f85f,2
492e63c2,1
49a4de40,3
49bdc58a,1
49c49267,3
4a0c8c68,1
4a3065d5,1
4a3340a5,1
4a9c9028,1
4ad44ddd,2
4ae4eeeb,1
4aeb9536,4
4b418f9f,1
4b8fd0fd,1
4bb6c894,2
4bbfde81,2
4c3981e6,1
4c3e670e,2
4c43a9c4,4
4c483809,1
4c686296,1
4c73f880,1
4c7dec91,5
4c906862,1
4cb1035b,1
4cb8acb4,1
4cbb4f46,2
4cf1534f,1
4cf91ea1,1
4d07b240,1
4d0eda2c,2
4d7cbce9,1
4d8b2813,1
4df7eacf,2
4e0fc0b9,1
4e24e51c,3
4e85fe04,2
4e8dba02,1
4ea5a7c0,1
4eb29aa0,1
4eba047e,1
4eebb481,2
4f2ad8c6,2
4f3633db,1
4f513069,2
4f5d2869,1
4f73377f,1
4f7bb0be,2
4f7f6b4a,1
4f9e2eb7,1
4fd85be8,1
4fe05b55,1
4fea2c54,1
4ffee3b8,1
5004eb26,2
502d978c,1
504dbfc1,1
50f42f4d,1
51104fee,1
51413890,3
518311ba,1
51cb4da2,1
5219d3be,3
524d87b1,1
5299815c,1
52ce23cf,1
533214e5,1
5352e674,1
53893970,1
53b6f1b1,2
541dee50,1
54b4d23f,1
54c15125,1
54de9a11,1
54e0fabb,2
54e7aec3,1
5514d705,3
5522d000,2
5539c387,1
553de880,1
5565db7e,1
5579b156,1
558a0974,1
5593793f,4
55a127a4,2
55aa2a54,2
55eb1aed,1
55f1ec68,1
55fc56c1,1
56359f23,1
56ac3717,1
56ad6184,1
56ecad64,1
571edad3,4
5735e2ea,1
573f3ef1,1
57500a93,1
57688068,1
577f5f4b,1
579376ac,4
57d91592,1
57f16935,1
57fe731d,2
57ffccbc,1
5824bfb4,1
58530086,1
5860e067,1
58731f63,6
58838c54,4
58aea9ef,1
58ddbaf1,1
58eb4fca,3
59afcb7a,1
59d46c03,10
59d4b241,1
59e548ca,1
59e68396,1
5a600ae0,2
5a70c56b,3
5a87f126,3
5a8dbd3d,1
5a92bf2a,8
5abb7da4,1
5ad367ba,1
5adcef86,2
5b109276,1
5b828e4d,1
5b8e7dfa,1
5bb5f6fd,1
5bde3de6,1
5becef3d,1
5c21b696,1
5c2d6908,1
5ca472c0,1
5cbb6623,1
5cbeb90a,1
5d199a2a,2
5d27b5e6,1
5d6b2a9a,1
5d705f78,1
5dd087af,2
5df7def0,1
5e30f6e4,1
5e4001ed,10
5e4cd0f3,2
5e9a5ef5,1
5ea785e4,1
5edc5f66,1
5eee5c5c,5
5f11cbad,3
5f13c67f,1
5f1cbaec,1
5f2b10b3,1
5f38f0aa,2
5fe50de2,1
60330642,1
60396c90,1
603b9f7f,1
6045cafc,1
605cc706,1
60ae5142,1
60c9e2e2,6
60d00894,1
60e02d89,1
60e1464a,1
6101a2ad,1
61590eef,5
61670f19,1
6198f344,1
61a5aa21,1
620f314e,1
62162729,2
621cabe7,1
62543166,1
626fbc36,3
62859340,2
62965158,1
62a02782,4
62ae1eed,1
62b17a0f,1
62b9236b,1
62d590fa,1
62e523e5,2
6320ce31,1
63219195,3
6338f77b,1
634646cc,1
634c9d5c,2
6359b1e0,6
6368f5dc,1
6379c7df,1
63883381,1
6396d591,1
639f7938,1
63dca15e,1
63f15df1,1
64067b77,1
64093310,6
648a0a96,1
6492daee,1
6529d397,1
655de9bd,1
658d1e8f,1
65a7eecb,3
65b6e302,1
6638ce72,2
665af671,1
666e7ec9,1
668972ff,2
66a66c74,5
66b992ad,4
66f31756,1
672281ac,1
6740a917,1
6741b481,1
6752d02a,1
676842b1,3
6774a786,1
67851f94,1
6790b5dc,1
67bfd429,1
67c81e5a,1
67e059ff,1
68531a04,1
68a456a1,1
68ca1bf9,1
68d41047,1
68d876b5,1
690461a8,3
69515191,2
695afd58,1
698ad42a,1
6992e557,1
69c791ca,1
69dde84a,1
6a496163,1
6a4fd0f9,1
6a8db49a,3
6a9eb6dd,1
6abb7ffd,1
6acf96f9,1
6ad6bdca,1
6af74b09,6
6b4333df,1
6b530289,1
6b68ae82,1
6ba324f5,1
6bec83be,1
6c6f553d,3
6c7775e5,1
6cc33879,1
6cd1a19e,1
6cf79b2f,1
6d2c4182,2
6d996345,1
6ddd7313,9
6dfae07e,1
6e3c65bf,1
6e4296b2,1
6e5ebb60,1
6e65e6d5,1
6eb72900,1
6ed1f53e,5
6f23b373,1
6f4feef4,1
6fdf0feb,1
70001cbb,1
700c8873,1
702e522b,1
703f7c3c,1
7062d60d,1
70683248,1
707f9210,4
70960c02,1
70f2f384,1
716f2e7e,1
72928300,1
72b7a246,1
72f915a2,5
731b9bbd,1
7336d440,1
7343107e,1
734dff34,2
7379e2cc,1
73d6ae9e,1
74168151,2
74168792,2
74253325,1
744a5de3,1
747ca6a0,2
74a7b975,1
74b7325b,1
74df9c15,1
74e042e5,1
753b697b,2
757bb7ae,3
757ca282,1
7596089b,1
75c8315b,2
75ddff2c,1
7607a79c,3
761c62e3,2
761cce39,7
76227e02,16
7637dee1,5
76f88e36,1
774a37a4,1
7750f486,1
775524cc,1
777855ae,1
778cddb9,1
779022d5,1
77a0f7fd,1
77babcc4,1
77bffd56,1
787abeb2,3
78e17059,1
78fda6ce,1
78fea167,2
7905a26e,1
7914027c,1
79730406,2
797db763,9
79d49d76,1
7a6b9dfd,1
7a75417b,11
7a8450f2,1
7a90f090,1
7a91fa79,2
7b1b6be0,1
7b315753,1
7b46d63e,4
7b4b3a9e,1
7b98513d,3
7b9ba5e5,1
7bcce262,1
7c0af584,1
7c14a409,1
7c80fc00,3
7d1a1da1,1
7d2abed8,2
7d3eb37e,1
7d6d50b2,1
7d948e37,1
7da51aed,1
7db228f0,1
7dbf0213,1
7dd4ad82,1
7e07d630,1
7e1fb826,6
7e258976,2
7e44e630,1
7e7f7eca,2
7e80401b,1
7efc325a,1
7f120cc3,1
7f379fd3,6
7f3b3a23,1
7f56ad85,1
7f7da096,1
7faaaa63,2
7fe399e4,1
7fe8a726,1
8044472a,1
804ebcb6,1
805cab55,1
808f23b2,1
80a9a76e,1
812a88e9,1
8148c62f,1
81627cb4,1
8182e862,1
8252fa5e,2
8254be21,1
828504c7,1
82a57f1b,1
82cf975f,1
833135fe,1
83562c13,4
83a00dfb,1
83a1f796,1
83add614,1
83bcae42,1
83c84296,1
83f4fbab,1
841535ad,1
84390cd1,1
8441d844,1
844ca5e7,1
84818c62,1
84bb8af0,2
84beefee,3
84c0f7c3,1
84c71488,1
84dbdc88,2
84f4761f,1
852eb074,1
8564ced5,1
859194f9,1
85e6fef8,1
8622094a,2
8625c8de,1
86294584,5
86367b94,1
863e73c5,1
868f7431,1
8696fda6,1
86bcf4aa,1
86f849b1,1
872528ef,2
872b7e81,1
87752169,1
87bd37c2,2
8814e00d,1
88311814,1
88491dea,1
8852c45f,3
88892a32,1
88a71d52,1
891597a0,3
893c50e6,2
897a6e7f,1
89a7134e,1
89ccf579,1
89f5c916,1
8a137b98,1
8a17d026,1
8a3d4603,1
8a55fe2c,2
8a805b24,2
8ab9bdc7,1
8ac1b0d6,1
8ad95f7f,4
8b087dca,1
8b0ca3a3,1
8b263f7e,1
8b8ebae1,7
8bab5e28,3
8bd43b34,1
8bef07fa,1
8c6579c4,1
8c66f168,2
8c8a98e5,1
8cb7ede0,1
8d8c30c2,2
8d8fa5ee,1
8d9747ed,4
8dae1790,1
8db38471,1
8dc7174e,1
8dd2e902,1
8dda2fe5,1
8dfd4fe7,1
8e02be81,1
8e267624,1
8e8c6971,1
8e9f5e55,1
8ef23e8a,3
8efa4054,1
8f00c768,1
8f090595,1
8f278275,5
8f47e4b9,1
8fa2d8d4,1
8fb49567,1
8fd61d70,1
8fef33b3,2
90171470,1
90458909,3
9052913d,2
905570a3,1
9065818b,9
90b7d845,1
90ce8594,9
90f77bb6,1
910ea9e7,1
9120b632,1
916afa7b,1
916d4af6,5
918d58d5,1
91b96cd4,3
9281ace8,1
92d7f464,1
92dc9298,1
92de9273,1
930ff9a0,4
9316d17d,1
933b8e70,1
933d591a,8
93a7128f,1
93d2c556,1
941188ec,3
941940b6,1
942b3a65,1
9440f956,1
944867c4,1
947fa5ca,1
94841069,1
94d079b8,1
950abbdb,1
95665106,1
956a0201,6
957140c6,1
958b21cd,5
959bd383,1
95b5887c,1
95cc4373,1
95ec3ba4,1
95f192ce,1
960afd22,1
9612cc85,16
961d12fe,1
965f6de4,1
96805aa9,1
9684f686,2
968b8a59,1
96d41438,2
9730e35c,1
982aa393,1
9841a57e,1
9844fee0,1
9847dc50,1
985350c7,1
98ef7901,3
992a2921,1
995f7d4d,1
997e34e7,1
99943137,1
99ab03b4,2
99b5efd3,2
99c31551,1
99cd9712,1
99e4c49e,1
99fc200f,4
9a06afa5,2
9a2d7187,2
9a7a80d1,1
9a9b315b,1
9abba339,1
9af42d1d,1
9aff397c,5
9b1f5a26,1
9b37ef7f,1
9b38bc40,1
9b61ed92,1
9b9ab347,2
9bc0d7cb,1
9c1570f9,2
9c51b514,1
9c7d16c2,1
9c893cfb,1
9c96be8f,1
9cc9027b,1
9ce68c2a,3
9d25dd13,1
9d542617,1
9d71184f,1
9ddb55c5,5
9dddc9e1,1
9deaae91,1
9e28dfcc,1
9e531d48,1
9e84f766,1
9e8dee0b,1
9e939c13,1
9ebedc48,1
9edf557e,1
9ef4d13b,1
9ef673b1,1
9f05be3e,1
9f0758c8,1
9f14fde2,2
9f848751,1
9f8639d6,1
9f8ae18f,2
9fcf9812,1
9fed97f3,3
D0bbe9ff,1
D1391d39,1
D19b9041,1
D2985cbf,2
D41d75cd,1
D47d7d80,1
D492a94f,1
D547230d,1
D5b9c2ff,1
D60f4117,1
D857a141,1
D940b797,1
D9437adc,1
D9639607,1
D9a604c3,1
D9c446a1,1
Da2d0c8d,1
Da8a4a6a,2
Daaecb77,1
Dab79630,2
Dabbda3e,2
Db4ac1d0,1
Dc6691e3,1
Dc9e9f23,2
Dd478abc,1
De686f1a,1
Dec21b66,1
Dfb983f0,1
a03a0ec6,7
a0b1d2bc,2
a0bb50cc,9
a0cdcbf2,1
a1150f2c,1
a142c916,1
a1662268,9
a16e734f,1
a170ed20,1
a19136f4,1
a1acc00c,2
a1b54f82,1
a218a02a,1
a23b9450,4
a248257c,7
a25d493e,1
a263f8dc,1
a2d79b79,1
a328631e,1
a331fdf1,1
a3633203,1
a3a04fb5,2
a3a56f58,2
a3eccf86,1
a3fc78ae,1
a427ee53,1
a431f4f7,1
a470531d,1
a473cdd0,3
a496560d,2
a4a07be6,1
a4d6dd8b,1
a50fc8f5,2
a51fbb8a,1
a55ac2d5,3
a5680fbc,1
a5a0756d,1
a5c7c493,1
a5d1f554,7
a5ddc276,2
a5f7633c,3
a652a39b,1
a68f88a7,3
a7099bc5,1
a7155a36,1
a729a57a,1
a782e645,1
a7a89e48,1
a7fadd3e,1
a80ecccd,2
a819758f,1
a822b044,2
a8413d1f,1
a847e309,1
a848d9f2,1
a84f0539,1
a85f41bd,1
a87b2fdd,1
a8d62f7f,1
a8e2a11d,1
a8f11bf5,1
a90bccde,1
a91cb15e,1
a945f633,7
a95002ca,1
a956807b,1
a96c9bb2,1
a9b025df,1
a9bda632,1
a9c10ca1,2
a9c658e7,9
a9d65a9c,2
aa1cd361,1
aa6a60f3,1
aaf910c9,1
aafa98f1,5
aafadc91,2
ab643a92,1
ab67c766,1
ab7d8edf,6
abe9ea9c,1
abfecc7d,2
ac07d05a,1
ac52f9a6,1
ac8fbc47,1
accd9087,3
ad4056db,3
ad40b119,1
ad48f200,2
adb23266,1
adb4bd34,1
adbe11a0,1
adce34ea,1
addebfdd,1
ae1381e4,1
ae42dbe2,1
ae7ba52a,1
aea5804b,5
aed36bb6,3
aeebccc8,1
af2433ff,2
af338807,4
af3b38aa,1
af58a86a,3
af5ff781,2
af7f548e,1
af809197,1
afa9490a,5
afc1a6f7,1
b006223f,1
b070b53f,1
b0c6bce8,1
b0d55491,1
b0da10d6,1
b0ecccd3,1
b13d234b,1
b13eb269,1
b15df4c1,1
b15f051b,1
b18cf485,1
b1987335,1
b1f9d5af,2
b1ff9c7a,1
b20319f3,1
b270ac13,1
b2774841,1
b28af345,1
b2a1570e,1
b2b6e67a,1
b2c6ae68,1
b2e46cec,1
b2f79d01,1
b33f755f,1
b36cafca,2
b36f7e5d,2
b37c50bf,3
b38c2bbc,2
b3bf158a,1
b3cd4223,1
b3d352c4,2
b3e204d8,1
b417a92d,1
b41ffed0,1
b4983fe8,1
b4d995fb,3
b4e47e0f,1
b51cb9b3,1
b55817dd,2
b569669d,1
b56c623f,1
b57535a6,2
b581230b,1
b5b806bf,1
b611899b,1
b6306658,1
b6327eff,1
b6b55ad7,1
b6bec940,2
b6f1b35c,3
b7130b37,1
b71b675b,2
b7334b7a,6
b79a8b4c,1
b7bb94eb,1
b7d869fd,4
b7f428e7,1
b8154bda,1
b83d21a8,1
b85b5917,1
b902eab2,2
b909ad08,2
b912989a,1
b940b776,1
b98a4803,6
b9c3f5d4,1
b9d64405,2
ba149429,1
ba14e6a8,2
ba21e245,1
ba953e93,3
bac77cff,4
bb1234b2,1
bb2bf1c4,1
bb45d8bb,2
bb4b7b80,1
bb54e203,2
bb932994,2
bb9f66d2,1
bbe086f6,1
bbf666d7,1
bc1c060a,1
bc73f774,3
bcbf32dc,1
bcc06fcf,4
bcffc981,1
bd03411e,1
bdc1c3ea,1
bdd68ccf,1
be203be5,1
be39f9e6,1
be47d167,1
be558221,1
be71e557,1
beb21e9e,1
bebb5910,1
bed0476a,1
beea7daa,3
bf566943,3
bfbf3af7,1
bfc1ba33,1
bfdd1147,1
bfec707e,1
c001892d,2
c03df315,1
c0434529,1
c0668f1b,1
c070e6e7,1
c085ca9c,1
c089ef80,1
c0af6894,1
c0ecf44f,1
c101f274,6
c137ed3f,1
c1394144,1
c1481eb6,1
c15e5403,1
c197778e,4
c1f75c40,1
c1fcd09c,4
c20093c1,2
c21e347d,1
c24b0ae1,1
c274e053,1
c2b358ed,2
c2c92e2d,1
c2eaccaf,1
c3018ae6,1
c314b530,1
c32c1e56,1
c350b1d3,1
c3926465,3
c3d7b73d,1
c3ec94d7,2
c3f51cea,5
c405299a,1
c40fba8d,7
c41c1964,1
c46e4b4d,1
c4aa42b1,1
c4c37c66,1
c4c95459,2
c4dc3801,1
c4ef2461,4
c504555c,1
c535c65b,1
c545be76,2
c554f20c,1
c5d0ed53,1
c65cfe1e,4
c68070c7,3
c69d2cdf,1
c6a34566,1
c6ab650c,1
c6b49ace,1
c6bfd01b,2
c6c62594,1
c6fbbdf9,1
c703c76d,1
c70514cd,1
c707447a,2
c717ea1b,1
c74dc506,1
c7784697,1
c7a939e1,1
c7cc174c,1
c7d8f7d7,1
c7d958d0,1
c7e3f752,9
c7e5a300,2
c80d1858,1
c8516911,10
c874a8af,1
c8cef231,1
c8e2e061,1
c8e95d44,1
c9027e62,2
c9302022,1
c93e7bfc,2
c93e93d1,3
c99eaa4e,1
c9a6849c,1
c9b9db67,1
c9bdf26a,1
c9d09e51,1
c9e7d92e,1
ca10e454,1
ca20417b,1
ca2e4a3e,1
ca2f5f40,1
cabefa31,1
cac12740,1
cb1ddab8,1
cb1ed9dd,1
cb5d5624,14
cb74a203,1
cbaf2a9f,1
cbce2fb9,1
cc21f77a,1
cc24e123,1
cc3ba5cc,1
cca0ba6f,1
ccce1d60,1
ccd2dcc6,2
ccd5741c,1
ccd9ebea,6
ccf2b923,9
ccfa3949,1
cd3bfd26,1
cd945260,1
cdad29f7,1
cdb173fb,2
cdc638f7,3
cdf2070d,1
cdf5ab8a,2
cdfd9ed9,1
ce0f7170,10
ce399a1a,1
ce544b81,1
ce60a5d3,1
ce715dab,1
cea22340,1
ceace7c1,1
ceafac70,1
cedc76c2,1
cede72f9,1
cf0d6b30,1
cf784e40,7
cff32884,2
d0195531,1
d0269254,1
d02b974c,1
d03b5322,2
d04f8026,1
d0627984,1
d0efb006,2
d10afb10,1
d131734d,1
d147890d,1
d152b2d1,1
d154592c,1
d15a1cbc,1
d17c98a6,2
d1a3c4fd,1
d1ab4760,1
d1d6961d,1
d1dc4fd2,3
d1e885c9,6
d1f3d3f6,1
d2272560,2
d2346655,1
d23aab4e,1
d269e5ce,3
d27328c3,2
d296d4f7,1
d29bda59,1
d2a2af38,1
d2ba4241,2
d2e07f63,1
d2e415d5,3
d2ed4cb9,3
d2f2137c,1
d33dcc58,5
d356b59d,1
d35a9fab,3
d35ac209,3
d3aaf82b,3
d3be6396,2
d3e48b17,1
d3f2a753,1
d400eff4,1
d42d80c6,1
d471b094,1
d47716e0,1
d4897eec,1
d48ba7d5,2
d497326d,1
d4a3b7b9,2
d4c2255d,1
d4eb55d6,3
d518766f,1
d594ee28,1
d596c172,1
d5e1f8ab,1
d5e51d4c,3
d6a0d404,1
d6c23c76,1
d6dadca3,2
d6dff20a,1
d73f9ddc,2
d7733f31,2
d78ace01,2
d79404f8,1
d799e63c,1
d79d5344,29
d7ddcfa5,1
d7ec5743,4
d8384f2a,2
d850b170,1
d89d759b,2
d8d8459f,1
d8d95361,2
d8daad0c,1
d8e166a2,1
d8e43e2f,1
d911c834,2
d924cf7d,1
d92f5376,1
d9318b90,1
d95b60b0,1
d96cedfc,1
d97ecb74,1
d9a37ea0,2
d9a83d17,2
da15411f,1
da264cdb,2
da305325,1
da4a0a8a,1
da96d4c8,1
daa17c80,1
dabbff9a,6
dac69a25,3
dae3e1c4,1
dae6e0b1,2
daed639f,1
daf3faa3,2
daf739c3,1
db0898c9,4
db0a7047,1
db31cbf1,2
db3add87,1
db6849f2,2
db78320c,1
db7d08a6,1
db9198ea,8
dbf176b4,39
dbf4306b,2
dc3c07ae,1
dca7998b,1
dcbef1dd,1
dcc1b5d1,2
dcc3638c,1
dcea3835,1
dd09be30,1
dd1db02f,1
dd1fb831,1
dd528c46,3
dd8c7d85,3
ddaf53eb,1
ddcf17f8,1
dddf25f4,1
ddf6f280,1
de01b2c3,1
de2bedc5,1
deb3c795,3
deb4e259,2
dedab094,3
defc222b,4
df250670,1
df56b70f,1
df647d9c,1
df8df4ea,2
df9dcb8a,1
dfc94382,1
dfd3c2c5,1
e01cac0d,1
e03f274b,1
e04ba445,1
e067c491,1
e09f2b27,2
e0a544ad,1
e0b57e91,1
e0ba7af7,1
e0d8f98a,3
e0fb0dfd,3
e10bfd52,1
e113ca7b,1
e1223a43,2
e15c86cc,5
e1c54b06,1
e1cae1b0,1
e20e42da,2
e2147ee6,3
e214c55a,1
e21e84f7,1
e2534e5a,1
e28fe409,1
e2ca6f6b,1
e2cd4ba0,5
e33ba71b,2
e36e4793,1
e39f8b49,2
e3ff9950,1
e4020496,4
e444d356,1
e454e712,1
e460abad,1
e466b98c,1
e46df0c0,1
e4a7fadd,4
e4bfbb30,2
e4c68450,1
e4d8762a,1
e5283fec,1
e533c511,1
e5342ffb,27
e53f1a51,1
e57f27d8,6
e5ddd8ee,1
e6302c89,3
e633116e,1
e639b513,1
e63e98a1,3
e66592e0,1
e6841eaf,1
e688fe70,1
e6976dec,1
e6b34c63,1
e6d85af3,1
e6ffa109,1
e71f457c,1
e744129b,1
e74d4e56,1
e75f1030,1
e76ecde1,1
e795e0a8,2
e79cc9fe,3
e8065b69,1
e810aa60,3
e81ad926,1
e82074fc,1
e8407ffb,2
e8415612,2
e8514f29,1
e88f78fc,1
e8d0a1f6,1
e8e83f7c,3
e8f3f6f8,1
e911a904,1
e914fcf9,1
e91c049e,2
e91e237e,1
e9253b24,1
e93bf18c,4
e9413549,1
e9437510,1
e94602a2,1
ea03ee2b,1
ea150e5f,3
ea7f768e,1
ea9a25e7,1
eafe2844,1
eb2757f4,1
eb28aa88,1
eb42ecde,1
eb62c79b,1
eb6ec65c,1
ec02e96e,4
ec217c66,2
ec60901f,7
ec77a96d,3
ecc3c165,2
eceadfbf,3
ed1ce4e5,1
ed49a505,1
ed6933fd,2
ed8f201b,2
eda18dd4,2
edece144,2
ee0c1f81,2
ee2fecf3,1
ee5ecca4,3
eef9550e,1
eefd2dce,2
ef0af202,1
ef6b921b,1
ef6ba5f9,1
ef8a3a54,1
ef96b802,2
efb6cb29,1
efc0739f,13
f0a4bc3a,1
f0baa579,2
f0bd905e,1
f0bfbdd0,1
f0dd0423,1
f0fa0a6a,1
f1155fa4,1
f13db3de,2
f15fded8,1
f17f73b2,1
f199e632,1
f19d9486,2
f1a4a4d1,2
f1be2519,1
f1cc685c,1
f1dde749,14
f1f6b5f1,1
f1f93dd5,1
f207146a,1
f2074ddc,1
f245232f,1
f2491096,1
f2d4f93d,1
f33d1930,2
f34c93eb,1
f3878d4f,1
f3a5b0d2,1
f3a798d9,1
f3b5dbb2,1
f3c234c2,1
f3d7111b,1
f3da8614,1
f43c9c2a,2
f45c1ff2,1
f47e15c4,1
f4d38190,1
f4dba9cd,1
f4ffc344,1
f50c56be,2
f53fcea9,1
f559314d,1
f560fc9d,1
f570dafb,1
f5bc82e1,1
f5eda5db,2
f5f06c9b,1
f6919800,1
f69c4dff,1
f731b19d,1
f77ff4c8,1
f7bf40f6,1
f7eb3528,1
f7f43578,1
f7f4749a,1
f808129d,1
f80b4303,1
f82c6717,1
f82e501c,1
f85e38d9,1
f860304d,1
f8678960,1
f888d67d,1
f8c16245,1
f8e4b1e4,2
f908e5ce,1
f9146dba,3
f91b6f01,1
f9705e5a,1
f9e8f635,1
fa077c49,1
fa383b57,1
fa6b447d,1
fa74c9e6,1
fa8bbba6,1
fa93f3ef,2
fa9ab4a4,1
fa9ac5ef,4
faa1f3b7,2
faa5dc16,2
faea5076,7
fbc07e46,1
fbc86f14,2
fbdcbc35,2
fbefdb8e,1
fc5f8240,1
fca25205,1
fcb4bdcc,2
fcbd283a,2
fcfd6c98,1
fd1189a1,2
fd1bcd54,1
fd245967,1
fd29ab8d,4
fe07632d,1
fe09121e,1
fe10d92d,1
fe14734d,8
fe34c2ea,3
fe4c7934,1
fe5d1ff6,1
fe616653,2
fe775db1,1
fe7d5c71,2
fe884f92,1
febf85e3,4
ff15d144,1
ff31f8b7,3
ff31f9e1,3
ff38534b,1
ff6aca27,1
ff8b531d,5
ff9024a6,1
ff9bad8f,1
ffa4ccbb,2
ffaa47c9,1
ffad0ab7,1
ffb80d01,1
ffd1a580,4
ffe46b12,10
